{
  "Number": 165,
  "Equivalent_diameter": [
    6.787023633909294,
    6.855234355434279,
    6.924130606107521,
    6.993719275611502,
    7.064007322871163,
    7.135001776749803,
    7.206709736751973,
    7.27913837373343,
    7.352294930618228,
    7.426186723123022,
    7.500821140488637,
    7.576205646219006,
    7.652347778827523,
    7.7292551525909,
    7.806935458310605,
    7.88539646408194,
    7.964646016070869,
    8.044692039298635,
    8.12554253843426,
    8.207205598595039,
    8.289689386155036,
    8.373002149561746,
    8.457152220160939,
    8.542148013029797,
    8.627998027818439,
    8.714710849599886,
    8.802295149728575,
    8.890759686707508,
    8.980113307064101,
    9.070364946234854,
    9.161523629458893,
    9.253598472680507,
    9.346598683460746,
    9.440533561898189,
    9.53541250155896,
    9.631244990416091,
    9.728040611798328,
    9.825809045348471,
    9.92456006799135,
    10.024303554911523,
    10.125049480540802,
    10.226807919555704,
    10.32958904788493,
    10.433403143726963,
    10.538260588577902,
    10.644171868269611,
    10.751147574018319,
    10.859198403483749,
    10.96833516183889,
    11.078568762850523,
    11.189910229970614,
    11.302370697438658,
    11.41596141139512,
    11.530693731006053,
    11.530693731006053,
    11.64657912959903,
    11.64657912959903,
    11.76362919581048,
    11.76362919581048,
    11.881855634744571,
    11.881855634744571,
    12.001270269143717,
    12.001270269143717,
    12.121885040570866,
    12.121885040570866,
    12.24371201060368,
    12.24371201060368,
    12.366763362040679,
    12.366763362040679,
    12.491051400119552,
    12.491051400119552,
    12.616588553747683,
    12.616588553747683,
    12.743387376745046,
    12.743387376745046,
    12.87146054909961,
    12.87146054909961,
    13.000820878235334,
    13.000820878235334,
    13.131481300292938,
    13.131481300292938,
    13.263454881423508,
    13.263454881423508,
    13.396754819095136,
    13.396754819095136,
    13.531394443412673,
    13.531394443412673,
    13.667387218450749,
    13.667387218450749,
    13.8047467436002,
    13.8047467436002,
    13.943486754928003,
    13.943486754928003,
    14.083621126550911,
    14.083621126550911,
    14.225163872022865,
    14.225163872022865,
    14.368129145736361,
    14.368129145736361,
    14.512531244337914,
    14.512531244337914,
    14.658384608157718,
    14.658384608157718,
    14.805703822653697,
    14.805703822653697,
    14.954503619870067,
    14.954503619870067,
    15.104798879910554,
    15.104798879910554,
    15.256604632426408,
    15.256604632426408,
    15.409936058119381,
    15.409936058119381,
    15.564808490259825,
    15.564808490259825,
    15.72123741622001,
    15.72123741622001,
    15.879238479022892,
    15.879238479022892,
    16.03882747890642,
    16.03882747890642,
    16.200020374903573,
    16.200020374903573,
    16.362833286438274,
    16.362833286438274,
    16.527282494937367,
    16.527282494937367,
    16.693384445458726,
    16.693384445458726,
    16.861155748335836,
    16.861155748335836,
    17.030613180838788,
    17.030613180838788,
    17.20177368885205,
    17.20177368885205,
    17.374654388569056,
    17.374654388569056,
    17.549272568203843,
    17.549272568203843,
    17.725645689719897,
    17.725645689719897,
    17.903791390576338,
    17.903791390576338,
    18.083727485491714,
    18.083727485491714,
    18.265471968225466,
    18.265471968225466,
    18.449043013377317,
    18.449043013377317,
    18.63445897820476,
    18.63445897820476,
    18.821738404458788,
    18.821738404458788,
    19.010900020238097,
    19.010900020238097,
    19.2019627418619,
    19.2019627418619,
    19.394945675761576,
    19.394945675761576,
    19.58986812039134,
    19.58986812039134,
    19.786749568158086,
    19.786749568158086,
    19.98560970737066,
    19.98560970737066
  ],
  "Major_diameter": [
    14.117578067565674,
    14.259462085968492,
    14.402772062462834,
    14.547522328165769,
    14.693727358224496,
    14.841401773263858,
    14.990560340848425,
    15.141217976959252,
    15.293389747485499,
    15.447090869731031,
    15.60233671393615,
    15.759142804814655,
    15.917524823106303,
    16.077498607144907,
    16.239080154442192,
    16.40228562328753,
    16.567131334363815,
    16.733633772379523,
    16.90180958771721,
    17.07167559809856,
    17.24324879026616,
    17.41654632168221,
    17.591585522244266,
    17.76838389601825,
    17.94695912298887,
    18.127329060827638,
    18.30951174667865,
    18.4935253989623,
    18.679388419197174,
    18.867119393840174,
    19.056737096145213,
    19.24826048804053,
    19.441708722024924,
    19.637101143082994,
    19.83445729061968,
    20.033796900414202,
    20.235139906593652,
    20.43850644362643,
    20.643916848335714,
    20.851391661933153,
    21.060951632073007,
    21.272617714926916,
    21.486411077279566,
    21.70235309864534,
    21.920465373406333,
    22.14076971297178,
    22.36328814795923,
    22.588042930397613,
    22.815056535952465,
    23.044351666173522,
    23.275951250764887,
    23.50987844987802,
    23.74615665642777,
    23.984809498431694,
    23.984809498431694,
    24.225860841372864,
    24.225860841372864,
    24.469334790586462,
    24.469334790586462,
    24.7152556936703,
    24.7152556936703,
    24.963648142919617,
    24.963648142919617,
    25.214536977786334,
    25.214536977786334,
    25.467947287363017,
    25.467947287363017,
    25.723904412891795,
    25.723904412891795,
    25.98243395029852,
    25.98243395029852,
    26.243561752752377,
    26.243561752752377,
    26.50731393325121,
    26.50731393325121,
    26.773716867232878,
    26.773716867232878,
    27.04279719521277,
    27.04279719521277,
    27.314581825447927,
    27.314581825447927,
    27.58909793662785,
    27.58909793662785,
    27.86637298059243,
    27.86637298059243,
    28.146434685077125,
    28.146434685077125,
    28.429311056485766,
    28.429311056485766,
    28.71503038269123,
    28.71503038269123,
    29.00362123586423,
    29.00362123586423,
    29.295112475330587,
    29.295112475330587,
    29.58953325045715,
    29.58953325045715,
    29.886913003566782,
    29.886913003566782,
    30.187281472882617,
    30.187281472882617,
    30.490668695501896,
    30.490668695501896,
    30.797105010399697,
    30.797105010399697,
    31.106621061462867,
    31.106621061462867,
    31.419247800554466,
    31.419247800554466,
    31.735016490608913,
    31.735016490608913,
    32.05395870875835,
    32.05395870875835,
    32.37610634949039,
    32.37610634949039,
    32.701491627837555,
    32.701491627837555,
    33.030147082598845,
    33.030147082598845,
    33.3621055795936,
    33.3621055795936,
    33.69740031494817,
    33.69740031494817,
    34.03606481841548,
    34.03606481841548,
    34.37813295672814,
    34.37813295672814,
    34.72363893698498,
    34.72363893698498,
    35.072617310072,
    35.072617310072,
    35.425102974117294,
    35.425102974117294,
    35.78113117798103,
    35.78113117798103,
    36.14073752478026,
    36.14073752478026,
    36.50395797544936,
    36.50395797544936,
    36.87082885233607,
    36.87082885233607,
    37.2413868428338,
    37.2413868428338,
    37.61566900305041,
    37.61566900305041,
    37.99371276151382,
    37.99371276151382,
    38.37555592291491,
    38.37555592291491,
    38.761236671888035,
    38.761236671888035,
    39.150793576829486,
    39.150793576829486,
    39.54426559375439,
    39.54426559375439,
    39.94169207019233,
    39.94169207019233,
    40.34311274912214,
    40.34311274912214,
    40.748567772946245,
    40.748567772946245,
    41.158097687504885,
    41.158097687504885,
    41.57174344613081,
    41.57174344613081
  ],