{"Grain type": "Elongated", "Equivalent diameter": {"sig": 0.7177939893510182, "loc": 0.0, "scale": 18.97252567489048, "cutoff_min": 8.0, "cutoff_max": 19.0}, "RVE": {"sideX": 50, "sideY": 50, "sideZ": 50, "Nx": 30, "Ny": 30, "Nz": 30}, "Simulation": {"periodicity": false, "output_units": "um"}, "Phase": {"Name": "Iron fcc", "Number": 0, "Volume fraction": 1.0}, "Aspect ratio": {"sig": 0.4545059368858072, "loc": 0.0, "scale": 2.5190728865438814, "cutoff_min": 0.95, "cutoff_max": 3.5}, "Tilt angle": {"kappa": 1.4232170212303759, "loc": -0.2170153466463436, "cutoff_min": 0.0, "cutoff_max": 3.141592653589793}}